Date,AdjClose,Close,High,Low,Open,Volume
2023-11-13,361.23614501953125,366.67999267578125,368.4700012207031,365.8999938964844,368.2200012207031,19986500
2023-11-14,364.7728271484375,370.2699890136719,371.95001220703125,367.3500061035156,371.010009765625,27683900
2023-11-15,364.92095947265625,369.6700134277344,373.1300048828125,367.1099853515625,371.2799987792969,26860100
2023-11-16,371.33746337890625,376.1700134277344,376.3500061035156,370.17999267578125,370.9599914550781,27182300
2023-11-17,365.09869384765625,369.8500061035156,374.3699951171875,367.0,373.6099853515625,40157000
2023-11-20,372.5911560058594,377.44000244140625,378.8699951171875,371.0,371.2200012207031,52465100
2023-11-21,368.27728271484375,373.07000732421875,376.2200012207031,371.1199951171875,375.6700134277344,28423100
2023-11-22,372.995849609375,377.8500061035156,379.7900085449219,374.9700012207031,378.0,23345300
2023-11-24,372.5812683105469,377.42999267578125,377.9700012207031,375.1400146484375,377.3299865722656,10176600
2023-11-27,373.7461242675781,378.6099853515625,380.6400146484375,376.20001220703125,376.7799987792969,22179200
2023-11-28,377.7835998535156,382.70001220703125,383.0,378.1600036621094,378.3500061035156,20453100
2023-11-29,373.9830322265625,378.8500061035156,384.29998779296875,377.44000244140625,383.760009765625,28963400
2023-11-30,374.04229736328125,378.9100036621094,380.0899963378906,375.4700012207031,378.489990234375,30554400
2023-12-01,369.69879150390625,374.510009765625,378.1600036621094,371.30999755859375,376.760009765625,33040500
2023-12-04,364.39776611328125,369.1400146484375,369.5199890136719,362.8999938964844,369.1000061035156,32063300
2023-12-05,367.73431396484375,372.5199890136719,373.0799865722656,365.6199951171875,366.45001220703125,23065000
2023-12-06,364.0621643066406,368.79998779296875,374.17999267578125,368.0299987792969,373.5400085449219,21182100
2023-12-07,366.1845703125,370.95001220703125,371.45001220703125,366.32000732421875,368.2300109863281,23118900
2023-12-08,369.42236328125,374.2300109863281,374.4599914550781,368.2300109863281,369.20001220703125,20154400
2023-12-11,366.5299987792969,371.29998779296875,371.6000061035156,366.1000061035156,368.4800109863281,27708800
2023-12-12,369.5704650878906,374.3800048828125,374.4200134277344,370.4599914550781,370.8500061035156,24838300
2023-12-13,369.5605773925781,374.3699951171875,377.6400146484375,370.7699890136719,376.0199890136719,30955500
2023-12-14,361.2290344238281,365.92999267578125,373.760009765625,364.1300048828125,373.30999755859375,43277500
2023-12-15,365.96734619140625,370.7300109863281,372.3999938964844,366.2799987792969,366.8500061035156,78502300
2023-12-18,367.8626403808594,372.6499938964844,373.0,368.67999267578125,369.45001220703125,21802900
2023-12-19,368.4648742675781,373.260009765625,373.260009765625,369.8399963378906,371.489990234375,20603700
2023-12-20,365.8587341308594,370.6199951171875,376.0299987792969,370.5299987792969,375.0,26316700
2023-12-21,368.7412109375,373.5400085449219,374.4100036621094,370.0400085449219,372.55999755859375,17708000
2023-12-22,369.76788330078125,374.5799865722656,375.17999267578125,372.7099914550781,373.67999267578125,17107500
2023-12-26,369.8468322753906,374.6600036621094,376.94000244140625,373.5,375.0,12673100
2023-12-27,369.26446533203125,374.07000732421875,375.05999755859375,372.80999755859375,373.69000244140625,14905400
2023-12-28,370.4588928222656,375.2799987792969,376.4599914550781,374.1600036621094,375.3699951171875,14327000
2023-12-29,371.2091369628906,376.0400085449219,377.1600036621094,373.4800109863281,376.0,18730800
2024-01-02,366.1055603027344,370.8699951171875,375.8999938964844,366.7699890136719,373.8599853515625,25258600
2024-01-03,365.8390197753906,370.6000061035156,373.260009765625,368.510009765625,369.010009765625,23083500
2024-01-04,363.21319580078125,367.94000244140625,373.1000061035156,367.1700134277344,370.6700134277344,20901500
2024-01-05,363.025634765625,367.75,372.05999755859375,366.5,368.9700012207031,21004600
2024-01-08,369.87646484375,374.69000244140625,375.20001220703125,369.010009765625,369.29998779296875,23134000
2024-01-09,370.96234130859375,375.7900085449219,375.989990234375,371.19000244140625,372.010009765625,20830000
2024-01-10,377.8526611328125,382.7699890136719,384.1700134277344,376.32000732421875,376.3699951171875,25514200
2024-01-11,379.6887512207031,384.6300048828125,390.67999267578125,380.3800048828125,386.0,27850800
2024-01-12,383.4794616699219,388.4700012207031,388.67999267578125,384.6499938964844,385.489990234375,21661200
2024-01-16,385.2563171386719,390.2699890136719,394.0299987792969,387.6199951171875,393.6600036621094,27202300
2024-01-17,384.4665832519531,389.4700012207031,390.1099853515625,384.80999755859375,387.9800109863281,22234100
2024-01-18,388.8100280761719,393.8699951171875,393.989990234375,390.1199951171875,391.7200012207031,23392100
2024-01-19,393.5484313964844,398.6700134277344,398.6700134277344,393.5,395.760009765625,29331100
2024-01-22,391.4161682128906,396.510009765625,400.6199951171875,393.5899963378906,400.0199890136719,27016900
2024-01-23,393.7754211425781,398.8999938964844,399.3800048828125,393.92999267578125,395.75,20525900
2024-01-24,397.38848876953125,402.55999755859375,405.6300048828125,400.45001220703125,401.5400085449219,24867000
2024-01-25,399.6687316894531,404.8699951171875,407.010009765625,402.5299987792969,404.32000732421875,21021200
2024-01-26,398.7408447265625,403.92999267578125,406.1700134277344,402.42999267578125,404.3699951171875,17803300
2024-01-29,404.45648193359375,409.7200012207031,409.9800109863281,404.3299865722656,406.05999755859375,24510200
2024-01-30,403.3409729003906,408.5899963378906,413.04998779296875,406.45001220703125,412.260009765625,33477600
2024-01-31,392.472412109375,397.5799865722656,415.32000732421875,397.2099914550781,406.9599914550781,47871100
2024-02-01,398.5928039550781,403.7799987792969,408.0,401.79998779296875,401.8299865722656,30657700
2024-02-02,405.9372253417969,411.2200012207031,412.6499938964844,403.55999755859375,403.80999755859375,28256700
2024-02-05,400.438720703125,405.6499938964844,411.1600036621094,403.989990234375,409.8999938964844,25352300
2024-02-06,400.28082275390625,405.489990234375,407.9700012207031,402.9100036621094,405.8800048828125,18382600
2024-02-07,408.7308349609375,414.04998779296875,414.29998779296875,407.3999938964844,407.44000244140625,22340500
2024-02-08,408.78997802734375,414.1099853515625,415.55999755859375,412.5299987792969,414.04998779296875,21225300
2024-02-09,415.1473083496094,420.54998779296875,420.82000732421875,415.0899963378906,415.25,22032800
2024-02-12,409.9252624511719,415.260009765625,420.739990234375,414.75,420.55999755859375,21202900
2024-02-13,401.1000671386719,406.32000732421875,410.07000732421875,403.3900146484375,404.94000244140625,27824900
2024-02-14,404.9769592285156,409.489990234375,409.8399963378906,404.57000732421875,408.07000732421875,20401200
2024-02-15,402.0792236328125,406.55999755859375,409.1300048828125,404.2900085449219,408.1400146484375,21825500
2024-02-16,399.6067810058594,404.05999755859375,408.2900085449219,403.44000244140625,407.9599914550781,22296500
2024-02-20,398.35076904296875,402.7900085449219,404.489990234375,398.010009765625,403.239990234375,24307900
2024-02-21,397.74749755859375,402.17999267578125,402.2900085449219,397.2200012207031,400.1700134277344,18518900
2024-02-22,407.11309814453125,411.6499938964844,412.8299865722656,408.57000732421875,410.19000244140625,27009900
2024-02-23,405.8175354003906,410.3399963378906,415.8599853515625,408.9700012207031,415.6700134277344,16295900
2024-02-26,403.0484313964844,407.5400085449219,412.1600036621094,407.3599853515625,411.4599914550781,16193500
2024-02-27,402.9891052246094,407.4800109863281,408.32000732421875,403.8500061035156,407.989990234375,14835800
2024-02-28,403.2264709472656,407.7200012207031,409.29998779296875,405.32000732421875,408.17999267578125,13183100
2024-02-29,409.0812072753906,413.6400146484375,414.20001220703125,405.9200134277344,408.6400146484375,31947300
2024-03-01,410.9206848144531,415.5,415.8699951171875,410.8800048828125,411.2699890136719,17823400
2024-03-04,410.34710693359375,414.9200134277344,417.3500061035156,412.32000732421875,413.44000244140625,17596000
2024-03-05,398.2123107910156,402.6499938964844,414.25,400.6400146484375,413.9599914550781,26919200
2024-03-06,397.6584777832031,402.0899963378906,405.1600036621094,398.3900146484375,402.9700012207031,22344100
2024-03-07,404.6308288574219,409.1400146484375,409.7799987792969,402.239990234375,406.1199951171875,18718500
2024-03-08,401.74298095703125,406.2200012207031,410.4200134277344,404.3299865722656,407.9599914550781,18002200
2024-03-11,400.06170654296875,404.5199890136719,405.67999267578125,401.260009765625,403.760009765625,16120800
2024-03-12,410.703125,415.2799987792969,415.57000732421875,406.7900085449219,407.6199951171875,22457000
2024-03-13,410.5251159667969,415.1000061035156,418.17999267578125,411.45001220703125,418.1000061035156,17115900
2024-03-14,420.5335998535156,425.2200012207031,427.82000732421875,417.989990234375,420.239990234375,34157300
2024-03-15,411.83056640625,416.4200134277344,422.6000061035156,412.7900085449219,419.2900085449219,45079900
2024-03-18,412.7206115722656,417.32000732421875,420.7300109863281,413.7799987792969,414.25,20106000
2024-03-19,416.76556396484375,421.4100036621094,421.6700134277344,415.54998779296875,417.8299865722656,19837900
2024-03-20,420.5434265136719,425.2300109863281,425.9599914550781,420.6600036621094,422.0,17860100
2024-03-21,424.6378173828125,429.3699951171875,430.82000732421875,427.1600036621094,429.8299865722656,21296200
2024-03-22,424.0147705078125,428.739990234375,429.8599853515625,426.07000732421875,429.70001220703125,17648500
2024-03-25,418.1996154785156,422.8599853515625,427.4100036621094,421.6099853515625,425.239990234375,18060500
2024-03-26,417.0029296875,421.6499938964844,425.989990234375,421.3500061035156,425.6099853515625,16725600
2024-03-27,416.78533935546875,421.42999267578125,424.45001220703125,419.010009765625,424.44000244140625,16705000
2024-03-28,416.0831604003906,420.7200012207031,421.8699951171875,419.1199951171875,420.9599914550781,21871200
2024-04-01,419.8907470703125,424.57000732421875,427.8900146484375,422.2200012207031,423.95001220703125,16316000
2024-04-02,416.79522705078125,421.44000244140625,422.3800048828125,417.8399963378906,420.1099853515625,17912000
2024-04-03,415.81610107421875,420.45001220703125,423.260009765625,419.0899963378906,419.7300109863281,16502300
2024-04-04,413.2745056152344,417.8800048828125,428.6700134277344,417.57000732421875,424.989990234375,19370900
2024-04-05,420.8302307128906,425.5199890136719,426.510009765625,418.32000732421875,420.010009765625,16554800
2024-04-08,419.9105224609375,424.5899963378906,427.2799987792969,423.29998779296875,425.1700134277344,14272400
2024-04-09,421.5819091796875,426.2799987792969,427.739990234375,421.6199951171875,426.44000244140625,12496900
2024-04-10,418.5951843261719,423.260009765625,424.0299987792969,419.70001220703125,422.19000244140625,16216600
2024-04-11,423.21368408203125,427.92999267578125,429.3699951171875,422.3599853515625,425.82000732421875,17966400
2024-04-12,417.2501525878906,421.8999938964844,425.17999267578125,419.7699890136719,424.04998779296875,19253800
2024-04-15,409.0812072753906,413.6400146484375,426.82000732421875,413.42999267578125,426.6000061035156,20273500
2024-04-16,410.0108337402344,414.5799865722656,418.3999938964844,413.7300109863281,414.57000732421875,16765600
2024-04-17,407.301025390625,411.8399963378906,418.8800048828125,410.3299865722656,417.25,15855500
2024-04-18,399.8144836425781,404.2699890136719,411.8900146484375,403.95001220703125,410.6300048828125,21029900
2024-04-19,394.7212219238281,399.1199951171875,405.4800109863281,397.7699890136719,404.0299987792969,30565800
2024-04-22,396.5409240722656,400.9599914550781,402.8500061035156,395.75,400.0799865722656,20286900
2024-04-23,403.0780944824219,407.57000732421875,408.20001220703125,403.05999755859375,404.239990234375,15734500
2024-04-24,404.5516662597656,409.05999755859375,412.4700012207031,406.7799987792969,409.55999755859375,15065300
2024-04-25,394.6421203613281,399.0400085449219,399.8900146484375,388.0299987792969,394.0299987792969,40586500
2024-04-26,401.84185791015625,406.32000732421875,413.0,405.760009765625,412.1700134277344,29694700
2024-04-29,397.81671142578125,402.25,406.32000732421875,399.19000244140625,405.25,19582100
2024-04-30,385.03912353515625,389.3299865722656,402.1600036621094,389.1700134277344,401.489990234375,28781400
2024-05-01,390.5872802734375,394.94000244140625,401.7200012207031,390.30999755859375,392.6099853515625,23562500
2024-05-02,393.455322265625,397.8399963378906,399.92999267578125,394.6499938964844,397.6600036621094,17709400
2024-05-03,402.1781311035156,406.6600036621094,407.1499938964844,401.8599853515625,402.2799987792969,17446700
2024-05-06,408.9823303222656,413.5400085449219,413.92999267578125,406.3699951171875,408.760009765625,16996600
2024-05-07,404.82861328125,409.3399963378906,414.6700134277344,409.0899963378906,414.6600036621094,20018200
2024-05-08,406.01531982421875,410.5400085449219,412.2300109863281,406.7099914550781,408.1700134277344,11792300
2024-05-09,407.7757568359375,412.32000732421875,412.7200012207031,409.1000061035156,410.57000732421875,14689700
2024-05-10,410.1690368652344,414.739990234375,415.3800048828125,411.79998779296875,412.94000244140625,13402300
2024-05-13,409.1602783203125,413.7200012207031,418.3500061035156,410.82000732421875,418.010009765625,15440200
2024-05-14,411.96905517578125,416.55999755859375,417.489990234375,411.54998779296875,412.0199890136719,15109300
2024-05-15,419.17181396484375,423.0799865722656,423.80999755859375,417.2699890136719,417.8999938964844,22239500
2024-05-16,417.10113525390625,420.989990234375,425.4200134277344,420.3500061035156,421.79998779296875,17530100
2024-05-17,416.328369140625,420.2099914550781,422.9200134277344,418.0299987792969,422.5400085449219,15352200
2024-05-20,421.4109802246094,425.3399963378906,426.7699890136719,419.989990234375,420.2099914550781,16272100
2024-05-21,425.07684326171875,429.0400085449219,432.9700012207031,424.8500061035156,426.8299865722656,21453300
2024-05-22,426.5431213378906,430.5199890136719,432.4100036621094,427.1300048828125,430.0899963378906,18073700
2024-05-23,423.0556640625,427.0,433.6000061035156,425.4200134277344,432.9700012207031,17211700
2024-05-24,426.1864929199219,430.1600036621094,431.05999755859375,424.4100036621094,427.19000244140625,11855300
2024-05-28,426.344970703125,430.32000732421875,430.82000732421875,426.6000061035156,429.6300048828125,15718000
2024-05-29,425.2056579589844,429.1700134277344,430.94000244140625,425.69000244140625,425.69000244140625,15517100
2024-05-30,410.8395690917969,414.6700134277344,424.29998779296875,414.239990234375,424.29998779296875,28394500
2024-05-31,411.2953186035156,415.1300048828125,416.75,404.510009765625,416.75,47995300
2024-06-03,409.7001647949219,413.5199890136719,416.42999267578125,408.9200134277344,415.5299987792969,17484700
2024-06-04,412.22662353515625,416.07000732421875,416.44000244140625,409.67999267578125,412.42999267578125,14348900
2024-06-05,420.0932922363281,424.010009765625,424.0799865722656,416.29998779296875,417.80999755859375,16988000
2024-06-06,420.5985412597656,424.5199890136719,425.30999755859375,420.5799865722656,424.010009765625,14861300
2024-06-07,419.93475341796875,423.8500061035156,426.2799987792969,423.0,426.20001220703125,13621700
2024-06-10,423.9176025390625,427.8699951171875,428.0799865722656,423.8900146484375,424.70001220703125,13982900
2024-06-11,428.68316650390625,432.67999267578125,432.82000732421875,425.25,425.4800109863281,14551100
2024-06-12,436.98577880859375,441.05999755859375,443.3999938964844,433.25,435.32000732421875,22366200
2024-06-13,437.5009765625,441.5799865722656,443.3900146484375,439.3699951171875,440.8500061035156,15960600
2024-06-14,438.4818420410156,442.57000732421875,443.1400146484375,436.7200012207031,438.2799987792969,13582000
2024-06-17,444.2282409667969,448.3699951171875,450.94000244140625,440.7200012207031,442.5899963378906,20790000
2024-06-18,442.2170104980469,446.3399963378906,450.1400146484375,444.8900146484375,449.7099914550781,17112500
2024-06-20,441.58294677734375,445.70001220703125,446.5299987792969,441.2699890136719,446.29998779296875,19877400
2024-06-21,445.6252136230469,449.7799987792969,450.5799865722656,446.510009765625,447.3800048828125,34187100
2024-06-24,443.53472900390625,447.6700134277344,452.75,446.4100036621094,449.79998779296875,15913700
2024-06-25,446.784423828125,450.95001220703125,451.4200134277344,446.75,448.25,16413400
2024-06-26,447.9832763671875,452.1600036621094,453.6000061035156,448.19000244140625,449.0,16507000
2024-06-27,448.6668701171875,452.8500061035156,456.1700134277344,451.7699890136719,452.17999267578125,14806300
2024-06-28,442.8213806152344,446.95001220703125,455.3800048828125,446.4100036621094,453.07000732421875,28362300
2024-07-01,452.5110168457031,456.7300109863281,457.3699951171875,445.6600036621094,448.6600036621094,17662800
2024-07-02,455.0374450683594,459.2799987792969,459.5899963378906,453.1099853515625,453.20001220703125,13979800
2024-07-03,456.5137023925781,460.7699890136719,461.0199890136719,457.8800048828125,458.19000244140625,9932800
2024-07-05,463.240966796875,467.55999755859375,468.3500061035156,458.9700012207031,459.6099853515625,16000300
2024-07-08,461.93316650390625,466.239990234375,467.70001220703125,464.4599914550781,466.54998779296875,12962300
2024-07-09,455.2950439453125,459.5400085449219,467.3299865722656,458.0,467.0,17207200
2024-07-10,461.9430847167969,466.25,466.4599914550781,458.8599853515625,461.2200012207031,18196100
2024-07-11,450.4997863769531,454.70001220703125,464.7799987792969,451.54998779296875,462.9800109863281,23111200
2024-07-12,449.3603820800781,453.54998779296875,456.3599853515625,450.6499938964844,454.3299865722656,16324300
2024-07-15,449.7666015625,453.9599914550781,457.260009765625,451.42999267578125,453.29998779296875,14429400
2024-07-16,445.36761474609375,449.5199890136719,454.29998779296875,446.6600036621094,454.2200012207031,17175700
2024-07-17,439.42303466796875,443.5199890136719,444.8500061035156,439.17999267578125,442.5899963378906,21778000
2024-07-18,436.3021240234375,440.3699951171875,444.6499938964844,434.3999938964844,444.3399963378906,20794800
2024-07-19,433.072265625,437.1099853515625,441.1400146484375,432.0,433.1000061035156,20940400
2024-07-22,438.8484191894531,442.94000244140625,444.6000061035156,438.9100036621094,441.7900085449219,15808800
2024-07-23,440.74078369140625,444.8500061035156,448.3900146484375,443.1000061035156,443.8999938964844,13107100
2024-07-24,424.9381103515625,428.8999938964844,441.4800109863281,427.5899963378906,440.45001220703125,26805800
2024-07-25,414.5351257324219,418.3999938964844,429.79998779296875,417.510009765625,428.79998779296875,29943800
2024-07-26,421.3416442871094,425.2699890136719,428.9200134277344,417.2699890136719,418.20001220703125,23583800
2024-07-29,422.78814697265625,426.7300109863281,432.1499938964844,424.70001220703125,431.5799865722656,15125800
2024-07-30,419.0133972167969,422.9200134277344,429.04998779296875,417.3599853515625,427.7200012207031,32687600
2024-07-31,414.4855651855469,418.3500061035156,421.7799987792969,412.2099914550781,420.5,42891400
2024-08-01,413.2569885253906,417.1099853515625,427.4599914550781,413.0899963378906,420.7900085449219,30296400
2024-08-02,404.7166442871094,408.489990234375,415.0,404.3399963378906,412.489990234375,29437900
2024-08-05,391.4998474121094,395.1499938964844,401.0400085449219,385.5799865722656,389.1700134277344,40709200
2024-08-06,395.9186706542969,399.6099853515625,405.6700134277344,398.5,400.0,24946500
2024-08-07,394.74957275390625,398.42999267578125,410.0799865722656,397.4700012207031,408.6400146484375,20650900
2024-08-08,398.97021484375,402.69000244140625,405.8599853515625,399.94000244140625,402.44000244140625,20203000
2024-08-09,402.2694396972656,406.0199890136719,408.04998779296875,402.260009765625,404.0299987792969,19276700
2024-08-12,403.0521545410156,406.80999755859375,408.760009765625,404.239990234375,407.05999755859375,16762900
2024-08-13,410.1856689453125,414.010009765625,414.95001220703125,409.57000732421875,409.5899963378906,19414300
2024-08-14,413.0093078613281,416.8599853515625,417.7200012207031,412.45001220703125,414.79998779296875,18267000
2024-08-15,417.89263916015625,421.0299987792969,421.1099853515625,417.6600036621094,419.79998779296875,20752100
2024-08-16,415.35174560546875,418.4700012207031,421.3399963378906,417.29998779296875,420.6000061035156,22775600
2024-08-19,418.388916015625,421.5299987792969,421.75,416.4599914550781,418.9599914550781,15234000
2024-08-20,421.63458251953125,424.79998779296875,425.8599853515625,421.6400146484375,421.70001220703125,16387600
2024-08-21,420.9794921875,424.1400146484375,426.3999938964844,421.7200012207031,424.0799865722656,16067300
2024-08-22,412.4534912109375,415.54998779296875,426.7900085449219,414.6099853515625,424.3599853515625,19361900
2024-08-23,413.68426513671875,416.7900085449219,419.260009765625,412.0899963378906,416.9800109863281,18493800
2024-08-26,410.4088439941406,413.489990234375,417.2799987792969,411.3399963378906,416.3699951171875,13152800
2024-08-27,410.7562255859375,413.8399963378906,414.3599853515625,410.25,412.8599853515625,13492900
2024-08-28,407.5403747558594,410.6000061035156,415.0,407.30999755859375,414.8800048828125,14882700
2024-08-29,410.0415954589844,413.1199951171875,422.04998779296875,410.6000061035156,414.94000244140625,17045200
2024-08-30,414.03167724609375,417.1400146484375,417.489990234375,412.1300048828125,415.6000061035156,24308300
2024-09-03,406.3890380859375,409.44000244140625,419.8800048828125,407.0299987792969,417.9100036621094,20313600
2024-09-04,405.8530578613281,408.8999938964844,411.239990234375,404.3699951171875,405.9100036621094,15135800
2024-09-05,405.34686279296875,408.3900146484375,413.1000061035156,406.1300048828125,407.6199951171875,14195500
2024-09-06,398.70672607421875,401.70001220703125,410.6499938964844,400.79998779296875,409.05999755859375,19609500
2024-09-09,402.69677734375,405.7200012207031,408.6499938964844,402.1499938964844,407.239990234375,15295100
2024-09-10,411.1136169433594,414.20001220703125,416.3299865722656,407.70001220703125,408.20001220703125,19594300
2024-09-11,419.8876953125,423.0400085449219,423.989990234375,409.5799865722656,415.5,19266900
2024-09-12,423.81817626953125,427.0,427.3699951171875,419.75,423.30999755859375,17395700
2024-09-13,427.3814392089844,430.5899963378906,431.8299865722656,425.4599914550781,425.8299865722656,15874600
2024-09-16,428.1258239746094,431.3399963378906,433.5299987792969,428.2200012207031,430.6000061035156,13834700
2024-09-17,431.9074401855469,435.1499938964844,441.8500061035156,432.2699890136719,440.2300109863281,18874200
2024-09-18,427.5997619628906,430.80999755859375,436.0299987792969,430.4100036621094,435.0,18898000
2024-09-19,435.4210510253906,438.69000244140625,441.5,436.8999938964844,441.2300109863281,21706600
2024-09-20,432.0265197753906,435.2699890136719,439.239990234375,434.2200012207031,437.2200012207031,55167100
2024-09-23,430.2796630859375,433.510009765625,436.4599914550781,430.3900146484375,434.2799987792969,15128900
2024-09-24,425.9720458984375,429.1700134277344,433.3500061035156,426.1000061035156,433.0,17015800
2024-09-25,428.8900451660156,432.1099853515625,433.1199951171875,428.57000732421875,429.8299865722656,13396400
2024-09-26,428.0960388183594,431.30999755859375,435.29998779296875,429.1300048828125,435.0899963378906,14492000
2024-09-27,424.8305358886719,428.0199890136719,431.8500061035156,427.4700012207031,431.5199890136719,14896100
2024-09-30,427.09356689453125,430.29998779296875,430.4200134277344,425.3699951171875,428.2099914550781,16807300
2024-10-01,417.5552062988281,420.69000244140625,428.4800109863281,418.80999755859375,428.45001220703125,19092900
2024-10-02,414.021728515625,417.1300048828125,422.82000732421875,416.7099914550781,422.5799865722656,16582300
2024-10-03,413.4361267089844,416.5400085449219,419.54998779296875,414.2900085449219,417.6300048828125,13686400
2024-10-04,412.959716796875,416.05999755859375,419.75,414.9700012207031,418.239990234375,19169700
2024-10-07,406.48828125,409.5400085449219,417.1099853515625,409.0,416.0,20919800
2024-10-08,411.6197204589844,414.7099914550781,415.6600036621094,408.1700134277344,410.8999938964844,19229300
2024-10-09,414.3492431640625,417.4599914550781,420.3800048828125,414.29998779296875,415.8599853515625,14974300
2024-10-10,412.7413330078125,415.8399963378906,417.3500061035156,413.1499938964844,415.2300109863281,13848400
2024-10-11,413.2177734375,416.32000732421875,417.1300048828125,413.25,416.1400146484375,14144900
2024-10-14,416.0167541503906,419.1400146484375,424.0400085449219,417.5199890136719,417.7699890136719,16653100
2024-10-15,415.61968994140625,418.739990234375,422.4800109863281,415.260009765625,422.17999267578125,18900200
2024-10-16,413.01922607421875,416.1199951171875,416.3599853515625,410.4800109863281,415.1700134277344,15508900
2024-10-17,413.6147766113281,416.7200012207031,422.5,415.5899963378906,422.3599853515625,14820000
2024-10-18,415.0440368652344,418.1600036621094,419.6499938964844,416.260009765625,417.1400146484375,17145300
2024-10-21,415.659423828125,418.7799987792969,418.9599914550781,413.75,416.1199951171875,14206100
2024-10-22,424.3243713378906,427.510009765625,430.5799865722656,418.0400085449219,418.489990234375,25482200
2024-10-23,421.4360656738281,424.6000061035156,431.0799865722656,422.5299987792969,430.8599853515625,19654400
2024-10-24,421.5650939941406,424.7300109863281,425.9800109863281,422.3999938964844,425.3299865722656,13581600
2024-10-25,424.9595947265625,428.1499938964844,432.5199890136719,426.57000732421875,426.760009765625,16899100
2024-10-28,423.41119384765625,426.5899963378906,431.94000244140625,426.29998779296875,431.6600036621094,14882400
2024-10-29,428.7313232421875,431.95001220703125,433.1700134277344,425.79998779296875,428.0,17644100
2024-10-30,429.3069763183594,432.5299987792969,438.5,432.1000061035156,437.44000244140625,29749100
2024-10-31,403.3220520019531,406.3500061035156,416.1600036621094,406.29998779296875,415.3599853515625,53971000
2024-11-01,407.31207275390625,410.3699951171875,415.5,407.5,409.010009765625,24230400
2024-11-04,405.4162902832031,408.4599914550781,410.4200134277344,405.57000732421875,409.79998779296875,19672300
2024-11-05,408.3939514160156,411.4599914550781,414.8999938964844,408.0799865722656,408.3699951171875,17626000
2024-11-06,417.04901123046875,420.17999267578125,420.45001220703125,410.5199890136719,412.4200134277344,26681800
2024-11-07,422.2598571777344,425.42999267578125,426.8500061035156,419.8800048828125,421.2799987792969,19901800
2024-11-08,419.3914489746094,422.5400085449219,426.5,421.7799987792969,425.32000732421875,16891400
2024-11-11,414.8951721191406,418.010009765625,424.80999755859375,416.0,422.5199890136719,24503300
2024-11-12,419.87774658203125,423.0299987792969,424.44000244140625,417.20001220703125,418.25,19401200
2024-11-13,422.0315856933594,425.20001220703125,429.3299865722656,418.2099914550781,421.6400146484375,21502200
2024-11-14,423.7090148925781,426.8900146484375,428.1700134277344,420.0,425.0,30246900
2024-11-15,411.9075927734375,415.0,422.79998779296875,413.6400146484375,419.82000732421875,28247600
2024-11-18,412.66192626953125,415.760009765625,418.3999938964844,412.1000061035156,414.8699951171875,24727000
2024-11-19,414.67681884765625,417.7900085449219,417.94000244140625,411.54998779296875,413.1099853515625,18133500
2024-11-20,412.3939208984375,415.489990234375,417.2900085449219,410.5799865722656,416.8699951171875,19191700
2024-11-21,410.6137390136719,412.8699951171875,419.7799987792969,410.2900085449219,419.5,20780200
2024-11-22,414.7211608886719,417.0,417.3999938964844,411.05999755859375,411.3699951171875,24814600
2024-11-25,416.5013732910156,418.7900085449219,421.0799865722656,414.8500061035156,418.3800048828125,27691100
2024-11-26,425.6510925292969,427.989990234375,429.0400085449219,418.8500061035156,419.5899963378906,23458900
2024-11-27,420.67840576171875,422.989990234375,427.2300109863281,422.0199890136719,425.1099853515625,18332400
2024-11-29,421.1458435058594,423.4599914550781,424.8800048828125,417.79998779296875,420.0899963378906,16271900
2024-12-02,428.624755859375,430.9800109863281,433.0,421.30999755859375,421.57000732421875,20207200
2024-12-03,428.84356689453125,431.20001220703125,432.4700012207031,427.739990234375,429.8399963378906,18302000
2024-12-04,435.0295715332031,437.4200134277344,439.6700134277344,432.6300048828125,433.0299987792969,26009400
2024-12-05,440.2011413574219,442.6199951171875,444.6600036621094,436.1700134277344,437.9200134277344,21697800
2024-12-06,441.1459655761719,443.57000732421875,446.1000061035156,441.7699890136719,442.29998779296875,18821000
2024-12-09,443.58251953125,446.0199890136719,448.3299865722656,440.5,442.6000061035156,19144400
2024-12-10,440.9072570800781,443.3299865722656,449.6199951171875,441.6000061035156,444.3900146484375,18469500
2024-12-11,446.5363464355469,448.989990234375,450.3500061035156,444.04998779296875,444.04998779296875,19200200
2024-12-12,447.1032409667969,449.55999755859375,456.1600036621094,449.1099853515625,449.1099853515625,20834800
2024-12-13,444.82574462890625,447.2699890136719,451.42999267578125,445.5799865722656,448.44000244140625,20177800
2024-12-16,449.12213134765625,451.5899963378906,452.17999267578125,445.2799987792969,447.2699890136719,23598800
2024-12-17,451.9764099121094,454.4599914550781,455.2900085449219,449.57000732421875,451.010009765625,22733500
2024-12-18,434.9997253417969,437.3900146484375,452.6499938964844,437.0199890136719,451.32000732421875,24444500
2024-12-19,434.6416931152344,437.0299987792969,443.17999267578125,436.32000732421875,441.6199951171875,22963700
2024-12-20,434.21405029296875,436.6000061035156,443.739990234375,428.6300048828125,433.1099853515625,64263700
2024-12-23,432.8714599609375,435.25,437.6499938964844,432.8299865722656,436.739990234375,19152500
2024-12-24,436.9291076660156,439.3299865722656,439.6000061035156,434.19000244140625,434.6499938964844,7164500
2024-12-26,435.7157897949219,438.1099853515625,440.94000244140625,436.6300048828125,439.0799865722656,8194200
2024-12-27,428.1772155761719,430.5299987792969,435.2200012207031,426.3500061035156,434.6000061035156,18117700
2024-12-30,422.50836181640625,424.8299865722656,427.54998779296875,421.8999938964844,426.05999755859375,13158700
2024-12-31,419.1965637207031,421.5,426.7300109863281,420.6600036621094,426.1000061035156,13246500
2025-01-02,416.2925109863281,418.5799865722656,426.07000732421875,414.8500061035156,425.5299987792969,16896500
2025-01-03,421.0364990234375,423.3500061035156,424.0299987792969,419.5400085449219,421.0799865722656,16662900
2025-01-06,425.5118713378906,427.8500061035156,434.32000732421875,425.4800109863281,428.0,20573600
2025-01-07,420.0617980957031,422.3699951171875,430.6499938964844,420.79998779296875,429.0,18139100
2025-01-08,422.23980712890625,424.55999755859375,426.9700012207031,421.5400085449219,423.4599914550781,15054600
2025-01-10,416.6605224609375,418.95001220703125,424.7099914550781,415.0199890136719,424.6300048828125,20201100
2025-01-13,414.9101257324219,417.19000244140625,418.5,412.2900085449219,415.239990234375,17604800
2025-01-14,413.3984375,415.6700134277344,419.739990234375,410.7200012207031,417.80999755859375,16935900
2025-01-15,423.98028564453125,426.30999755859375,428.1499938964844,418.2699890136719,419.1300048828125,19637800
2025-01-16,422.25970458984375,424.5799865722656,429.489990234375,424.3900146484375,428.70001220703125,15300000
2025-01-17,426.6854248046875,429.0299987792969,434.4800109863281,428.1700134277344,434.0899963378906,26197500
2025-01-21,426.1583251953125,428.5,430.8999938964844,425.6000061035156,430.20001220703125,26085700
2025-01-22,443.7616271972656,446.20001220703125,447.2699890136719,436.0,437.55999755859375,27803800
2025-01-23,444.2687683105469,446.7099914550781,446.75,441.5,442.0,18389300
2025-01-24,441.63330078125,444.05999755859375,446.6499938964844,441.3999938964844,445.1600036621094,15549500
2025-01-27,432.1852111816406,434.55999755859375,435.20001220703125,423.5,424.010009765625,35647800
2025-01-28,444.7561340332031,447.20001220703125,448.3800048828125,431.3800048828125,434.6000061035156,23491700
2025-01-29,439.9127197265625,442.3299865722656,446.8800048828125,440.3999938964844,446.69000244140625,23581400
2025-01-30,412.7221374511719,414.989990234375,422.8599853515625,413.1600036621094,418.7699890136719,54586300
2025-01-31,412.791748046875,415.05999755859375,420.69000244140625,414.9100036621094,418.9800109863281,34161900
2025-02-03,408.67437744140625,410.9200134277344,415.4100036621094,408.6600036621094,411.6000061035156,25679100
2025-02-04,410.116455078125,412.3699951171875,413.9200134277344,409.739990234375,412.69000244140625,20532100
2025-02-05,411.0314636230469,413.2900085449219,413.8299865722656,410.3999938964844,412.3500061035156,16316700
2025-02-06,413.5475769042969,415.82000732421875,418.20001220703125,414.0,414.0,16309800
2025-02-07,407.5107727050781,409.75,418.6499938964844,408.1000061035156,416.4800109863281,22886800
2025-02-10,409.96728515625,412.2200012207031,415.4599914550781,410.9200134277344,413.7099914550781,20817900
2025-02-11,409.1915283203125,411.44000244140625,412.489990234375,409.29998779296875,409.6400146484375,18140600
2025-02-12,406.8046569824219,409.0400085449219,410.75,404.3699951171875,407.2099914550781,19121700
2025-02-13,408.29644775390625,410.5400085449219,411.0,406.3599853515625,407.0,23891700
2025-02-14,406.1979675292969,408.42999267578125,408.9100036621094,405.8800048828125,407.7900085449219,22758500
2025-02-18,407.4013977050781,409.6400146484375,410.6000061035156,406.5,408.0,21423100
2025-02-19,412.5033264160156,414.7699890136719,415.489990234375,407.6499938964844,407.8800048828125,24114200
2025-02-20,414.6857604980469,416.1300048828125,419.30999755859375,412.5400085449219,415.2900085449219,23508700
2025-02-21,406.793212890625,408.2099914550781,418.04998779296875,407.8900146484375,417.3399963378906,27524800
2025-02-24,402.59783935546875,404.0,409.3699951171875,399.32000732421875,408.510009765625,26443700
2025-02-25,396.5190124511719,397.8999938964844,401.9200134277344,396.70001220703125,401.1000061035156,29387400
2025-02-26,398.3426818847656,399.7300109863281,403.6000061035156,394.25,398.010009765625,19619000
2025-02-27,391.1676330566406,392.5299987792969,405.739990234375,392.1700134277344,401.2699890136719,21127400
2025-02-28,395.6121520996094,396.989990234375,397.6300048828125,386.57000732421875,392.6600036621094,32845700
2025-03-03,387.14166259765625,388.489990234375,398.82000732421875,386.1600036621094,398.82000732421875,23007700
2025-03-04,387.26123046875,388.6099853515625,392.5799865722656,381.0,383.3999938964844,29342900
2025-03-05,399.628173828125,401.0199890136719,401.6700134277344,388.80999755859375,389.3399963378906,23433100
2025-03-06,395.5125427246094,396.8900146484375,402.1499938964844,392.67999267578125,394.2799987792969,23304600
2025-03-07,391.9449462890625,393.30999755859375,394.79998779296875,385.5400085449219,392.32000732421875,22034100
2025-03-10,378.840576171875,380.1600036621094,386.3999938964844,377.2200012207031,385.8399963378906,32840100
2025-03-11,379.1296081542969,380.45001220703125,386.0,376.9100036621094,379.0,30380200
2025-03-12,381.9397888183594,383.2699890136719,385.2200012207031,378.95001220703125,382.95001220703125,24253600
2025-03-13,377.45538330078125,378.7699890136719,385.32000732421875,377.45001220703125,383.1600036621094,20473000
2025-03-14,387.21142578125,388.55999755859375,390.2300109863281,379.510009765625,379.7799987792969,19952800
2025-03-17,387.3509521484375,388.70001220703125,392.7099914550781,385.57000732421875,386.70001220703125,22474300
2025-03-18,382.1889343261719,383.5199890136719,387.3699951171875,381.1000061035156,387.07000732421875,19486900
2025-03-19,386.4739990234375,387.82000732421875,389.67999267578125,384.0,385.5299987792969,19185500
2025-03-20,385.4974060058594,386.8399963378906,391.7900085449219,383.2799987792969,385.739990234375,18470500
2025-03-21,389.9020690917969,391.260009765625,391.739990234375,382.79998779296875,383.2200012207031,39675900
2025-03-24,391.7157287597656,393.0799865722656,395.3999938964844,389.80999755859375,395.3999938964844,21004500
2025-03-25,393.7885437011719,395.1600036621094,396.3599853515625,392.6400146484375,393.9200134277344,15775000
2025-03-26,388.6165466308594,389.9700012207031,395.30999755859375,388.57000732421875,395.0,16108400
2025-03-27,389.2243957519531,390.5799865722656,392.239990234375,387.3999938964844,390.1300048828125,13766800
2025-03-28,377.48529052734375,378.79998779296875,389.1300048828125,376.92999267578125,388.0799865722656,21632000
2025-03-31,374.087158203125,375.3900146484375,377.07000732421875,367.239990234375,372.5400085449219,35184700
2025-04-01,380.863525390625,382.19000244140625,382.8500061035156,373.2300109863281,374.6499938964844,19689500
2025-04-02,380.813720703125,382.1400146484375,385.0799865722656,376.6199951171875,377.9700012207031,16092600
2025-04-03,371.8150329589844,373.1099853515625,377.4800109863281,369.3500061035156,374.7900085449219,30198000
2025-04-04,358.5910949707031,359.8399963378906,374.5899963378906,359.4800109863281,364.1300048828125,49209900
2025-04-07,356.61798095703125,357.8599853515625,371.0,344.7900085449219,350.8800048828125,50425000
2025-04-08,353.3294372558594,354.55999755859375,373.6499938964844,350.25,368.260009765625,35868900
2025-04-09,389.1347351074219,390.489990234375,393.2300109863281,353.1000061035156,353.5400085449219,50199700
2025-04-10,380.0264587402344,381.3500061035156,383.8999938964844,367.79998779296875,382.05999755859375,38024400
2025-04-11,387.101806640625,388.45001220703125,390.04998779296875,378.8900146484375,380.6400146484375,23839200
2025-04-14,386.4640197753906,387.80999755859375,394.6499938964844,384.2099914550781,393.2200012207031,19251200
2025-04-15,384.3912658691406,385.7300109863281,391.8900146484375,384.1600036621094,388.510009765625,17199900
2025-04-16,370.32025146484375,371.6099853515625,381.6099853515625,368.0,380.6700134277344,21967800
2025-04-17,366.5035400390625,367.7799987792969,374.32000732421875,366.8900146484375,373.75,21120200
2025-04-21,357.87359619140625,359.1199951171875,364.4800109863281,355.6700134277344,362.82000732421875,20807300
2025-04-22,365.5469055175781,366.82000732421875,367.7699890136719,359.8599853515625,363.3800048828125,19485000
2025-04-23,373.09063720703125,374.3900146484375,380.3900146484375,373.0199890136719,376.05999755859375,20545500
2025-04-24,385.9557800292969,387.29998779296875,388.45001220703125,375.19000244140625,375.70001220703125,22232300
2025-04-25,390.4900207519531,391.8500061035156,392.1600036621094,384.6000061035156,387.0,18973200
2025-04-28,389.80242919921875,391.1600036621094,392.739990234375,386.6400146484375,391.9599914550781,16579400
2025-04-29,392.67242431640625,394.0400085449219,395.1000061035156,390.3800048828125,391.29998779296875,14974000
2025-04-30,393.88818359375,395.260009765625,396.6600036621094,384.44000244140625,390.29998779296875,36461100
2025-05-01,423.9235534667969,425.3999938964844,436.989990234375,424.8999938964844,431.1099853515625,58938100
2025-05-02,433.769287109375,435.2799987792969,439.44000244140625,429.989990234375,431.739990234375,30757400
2025-05-05,434.65618896484375,436.1700134277344,439.5,432.1099853515625,432.8699951171875,20136100
2025-05-06,431.8061218261719,433.30999755859375,437.7300109863281,431.1700134277344,432.20001220703125,15104200
2025-05-07,431.8459777832031,433.3500061035156,438.1199951171875,431.1099853515625,433.8399963378906,23295300
2025-05-08,436.6492614746094,438.1700134277344,443.6700134277344,435.6600036621094,437.92999267578125,23491300
2025-05-09,437.2073059082031,438.7300109863281,440.739990234375,435.8800048828125,440.0,15324200
2025-05-12,447.7007751464844,449.260009765625,449.3699951171875,439.7799987792969,445.94000244140625,22821900
2025-05-13,447.5812072753906,449.1400146484375,450.6700134277344,445.3599853515625,447.7799987792969,23618800
2025-05-14,451.36798095703125,452.94000244140625,453.8999938964844,448.1400146484375,448.1400146484375,19902800
2025-05-15,452.3863220214844,453.1300048828125,456.19000244140625,450.42999267578125,450.7699890136719,21992300
2025-05-16,453.5244445800781,454.2699890136719,454.3599853515625,448.7300109863281,452.04998779296875,23849800
2025-05-19,458.11688232421875,458.8699951171875,459.5899963378906,450.79998779296875,450.8800048828125,21336500
2025-05-20,457.4180603027344,458.1700134277344,458.3399963378906,454.32000732421875,455.5899963378906,15441800
2025-05-21,451.8272399902344,452.57000732421875,457.7799987792969,451.80999755859375,454.57000732421875,19216900
2025-05-22,454.11346435546875,454.8599853515625,460.25,453.8999938964844,454.95001220703125,18025600
2025-05-23,449.441162109375,450.17999267578125,453.69000244140625,448.9100036621094,449.9800109863281,16883500
2025-05-27,459.93389892578125,460.69000244140625,460.95001220703125,456.1199951171875,456.4800109863281,20974300
2025-05-28,456.609375,457.3599853515625,462.5199890136719,456.92999267578125,461.2200012207031,17086300
2025-05-29,457.9272155761719,458.67999267578125,461.7200012207031,455.30999755859375,461.54998779296875,13974800
2025-05-30,459.60443115234375,460.3599853515625,461.67999267578125,455.5400085449219,459.7200012207031,34770500
2025-06-02,461.2118225097656,461.9700012207031,462.1099853515625,456.8900146484375,457.1400146484375,16626500
2025-06-03,462.2101745605469,462.9700012207031,464.1400146484375,460.8599853515625,461.4700012207031,15743800
2025-06-04,463.1086730957031,463.8699951171875,465.69000244140625,463.0199890136719,464.0,14162700
2025-06-05,466.91241455078125,467.67999267578125,469.6499938964844,464.0299987792969,464.9599914550781,20131700
2025-06-06,469.6080017089844,470.3800048828125,473.3399963378906,468.7799987792969,470.0899963378906,15285600
2025-06-09,471.97412109375,472.75,473.42999267578125,468.6199951171875,469.70001220703125,16469900
2025-06-10,470.1471252441406,470.9200134277344,472.79998779296875,466.9599914550781,471.19000244140625,15375900
2025-06-11,471.8443298339844,472.6199951171875,475.4700012207031,469.6600036621094,470.0199890136719,16399200
2025-06-12,478.0840759277344,478.8699951171875,480.4200134277344,473.5199890136719,475.0199890136719,18950600
2025-06-13,474.18048095703125,474.9599914550781,479.17999267578125,472.760009765625,476.4100036621094,16814500
2025-06-16,478.3536376953125,479.1400146484375,480.69000244140625,475.0,475.2099914550781,15626100
2025-06-17,477.25543212890625,478.0400085449219,478.739990234375,474.0799865722656,475.3999938964844,15414100
2025-06-18,479.4518127441406,480.239990234375,481.0,474.4599914550781,478.0,17526500
2025-06-20,476.6164855957031,477.3999938964844,483.4599914550781,476.8699951171875,482.2300109863281,37576200
2025-06-23,485.2023620605469,486.0,487.75,472.510009765625,478.2099914550781,24864000
2025-06-24,489.30560302734375,490.1099853515625,491.8500061035156,486.79998779296875,488.95001220703125,22305600
2025-06-25,491.4620666503906,492.2699890136719,494.55999755859375,489.3900146484375,492.0400085449219,17495100
2025-06-26,496.6335754394531,497.45001220703125,498.0400085449219,492.80999755859375,492.9800109863281,21578900
2025-06-27,495.1260681152344,495.94000244140625,499.29998779296875,493.0299987792969,497.54998779296875,34539200
2025-06-30,496.5936584472656,497.4100036621094,500.760009765625,495.3299865722656,497.0400085449219,28369000
2025-07-01,491.242431640625,492.04998779296875,498.04998779296875,490.9800109863281,496.4700012207031,19945400
2025-07-02,490.2840270996094,491.0899963378906,493.5,488.70001220703125,489.989990234375,16319600
2025-07-03,498.02130126953125,498.8399963378906,500.1300048828125,493.44000244140625,493.80999755859375,13984800
2025-07-07,496.90313720703125,497.7200012207031,498.75,495.2300109863281,497.3800048828125,13981600
2025-07-08,495.804931640625,496.6199951171875,498.20001220703125,494.1099853515625,497.239990234375,11846600
2025-07-09,502.68365478515625,503.510009765625,506.7799987792969,499.739990234375,500.29998779296875,18659500
2025-07-10,500.656982421875,501.4800109863281,504.44000244140625,497.75,503.04998779296875,16492100
2025-07-11,502.49395751953125,503.32000732421875,505.0299987792969,497.79998779296875,498.4700012207031,16459500
2025-07-14,502.1944274902344,503.0199890136719,503.9700012207031,501.0299987792969,501.5199890136719,12058800
2025-07-15,504.9898376464844,505.82000732421875,508.29998779296875,502.7900085449219,503.0199890136719,14927200
2025-07-16,504.7901611328125,505.6199951171875,506.7200012207031,501.8900146484375,505.17999267578125,15154400
2025-07-17,510.8601989746094,511.70001220703125,513.3699951171875,505.6199951171875,505.67999267578125,17503100
2025-07-18,509.212890625,510.04998779296875,514.6400146484375,507.42999267578125,514.47998046875,21209700
2025-07-21,509.2228698730469,510.05999755859375,512.0900268554688,505.54998779296875,506.7099914550781,14066800
2025-07-22,504.44073486328125,505.2699890136719,511.20001220703125,505.2699890136719,510.9700012207031,13868600
2025-07-23,505.0397644042969,505.8699951171875,506.7900085449219,500.70001220703125,506.75,16396600
2025-07-24,510.0415344238281,510.8800048828125,513.6699829101562,507.29998779296875,508.7699890136719,16107000
2025-07-25,512.866943359375,513.7100219726562,518.2899780273438,510.3599853515625,512.469970703125,19125700
2025-07-28,511.65887451171875,512.5,515.0,510.1199951171875,514.0800170898438,14308000
2025-07-29,511.728759765625,512.5700073242188,517.6199951171875,511.55999755859375,515.530029296875,16469200
2025-07-30,512.3976440429688,513.239990234375,515.9500122070312,509.44000244140625,515.1699829101562,26380400
2025-07-31,532.6243896484375,533.5,555.4500122070312,531.9000244140625,555.22998046875,51617300
2025-08-01,523.2498168945312,524.1099853515625,535.7999877929688,520.8599853515625,535.0,28977600
2025-08-04,534.7609252929688,535.6400146484375,538.25,528.1300048828125,528.27001953125,25349000
2025-08-05,526.8838500976562,527.75,537.2999877929688,527.239990234375,537.1799926757812,19171600
2025-08-06,524.0784912109375,524.9400024414062,531.7000122070312,524.030029296875,530.9000244140625,21355700
2025-08-07,519.9852294921875,520.8400268554688,528.0900268554688,517.5499877929688,526.7999877929688,16079100
2025-08-08,521.1832275390625,522.0399780273438,524.6599731445312,519.4099731445312,522.5999755859375,15531000
2025-08-11,520.9136962890625,521.77001953125,527.5900268554688,519.719970703125,522.2999877929688,20194400
2025-08-12,528.3713989257812,529.239990234375,530.97998046875,522.7000122070312,523.75,18667000
2025-08-13,519.7256469726562,520.5800170898438,532.7000122070312,519.3699951171875,532.1099853515625,19619200
2025-08-14,521.6224975585938,522.47998046875,525.9500122070312,520.1400146484375,522.5599975585938,20269100
2025-08-15,519.3162841796875,520.1699829101562,526.0999755859375,519.0800170898438,522.77001953125,25213300
2025-08-18,516.2512817382812,517.0999755859375,522.8200073242188,514.02001953125,521.5900268554688,23760600
2025-08-19,508.933349609375,509.7699890136719,515.1599731445312,508.54998779296875,515.0,21481000
2025-08-20,504.8900146484375,505.7200012207031,511.0,504.44000244140625,509.8699951171875,27723000
2025-08-21,504.239990234375,504.239990234375,507.6300048828125,502.7200012207031,503.69000244140625,18443300
2025-08-22,507.2300109863281,507.2300109863281,510.7300109863281,502.4100036621094,504.25,24324200
2025-08-25,504.260009765625,504.260009765625,508.19000244140625,504.1199951171875,506.6300048828125,21638600
2025-08-26,502.0400085449219,502.0400085449219,504.9800109863281,498.510009765625,504.3599853515625,30835700
2025-08-27,506.739990234375,506.739990234375,507.2900085449219,499.8999938964844,502.0,17277900
2025-08-28,509.6400146484375,509.6400146484375,511.0899963378906,505.5,507.0899963378906,18015600
2025-08-29,506.69000244140625,506.69000244140625,509.6000061035156,504.489990234375,508.6600036621094,20961600
2025-09-02,505.1199951171875,505.1199951171875,506.0,496.80999755859375,500.4700012207031,18128000
2025-09-03,505.3500061035156,505.3500061035156,507.7900085449219,502.32000732421875,503.7900085449219,16345100
2025-09-04,507.9700012207031,507.9700012207031,508.1499938964844,503.1499938964844,504.29998779296875,15509500
2025-09-05,495.0,495.0,511.9700012207031,492.3699951171875,509.07000732421875,31994800
2025-09-08,498.20001220703125,498.20001220703125,501.20001220703125,495.0299987792969,498.1099853515625,16771000
2025-09-09,498.4100036621094,498.4100036621094,502.25,497.70001220703125,501.42999267578125,14410500
2025-09-10,500.3699951171875,500.3699951171875,503.2300109863281,496.7200012207031,502.9800109863281,21611800
2025-09-11,501.010009765625,501.010009765625,503.1700134277344,497.8800048828125,502.25,18881600
2025-09-12,509.8999938964844,509.8999938964844,512.5499877929688,503.8500061035156,506.6499938964844,23624900
2025-09-15,515.3599853515625,515.3599853515625,515.469970703125,507.0,508.7900085449219,17143800
2025-09-16,509.0400085449219,509.0400085449219,517.22998046875,508.6000061035156,516.8800048828125,19711900
2025-09-17,510.0199890136719,510.0199890136719,511.2900085449219,505.92999267578125,510.6199951171875,15816600
2025-09-18,508.45001220703125,508.45001220703125,513.0700073242188,507.6600036621094,511.489990234375,18913700
2025-09-19,517.9299926757812,517.9299926757812,519.2999877929688,510.30999755859375,510.55999755859375,52474100
2025-09-22,514.4500122070312,514.4500122070312,517.739990234375,512.5399780273438,515.5900268554688,20009300
2025-09-23,509.2300109863281,509.2300109863281,514.5900268554688,507.30999755859375,513.7999877929688,19799600
2025-09-24,510.1499938964844,510.1499938964844,512.47998046875,506.9200134277344,510.3800048828125,13533700
2025-09-25,507.0299987792969,507.0299987792969,510.010009765625,505.0400085449219,508.29998779296875,15786500
2025-09-26,511.4599914550781,511.4599914550781,513.9400024414062,506.6199951171875,510.05999755859375,16213100
2025-09-29,514.5999755859375,514.5999755859375,516.8499755859375,508.8800048828125,511.5,17617800
2025-09-30,517.9500122070312,517.9500122070312,518.1599731445312,509.6600036621094,513.239990234375,19728200
2025-10-01,519.7100219726562,519.7100219726562,520.510009765625,511.69000244140625,514.7999877929688,22632300
2025-10-02,515.739990234375,515.739990234375,521.5999755859375,510.67999267578125,517.6400146484375,21222900
2025-10-03,517.3499755859375,517.3499755859375,520.489990234375,515.0,517.0999755859375,15112300
2025-10-06,528.5700073242188,528.5700073242188,531.030029296875,518.2000122070312,518.6099853515625,21388600
2025-10-07,523.97998046875,523.97998046875,529.7999877929688,521.4400024414062,528.2899780273438,14615200
2025-10-08,524.8499755859375,524.8499755859375,526.9500122070312,523.0900268554688,523.280029296875,13363400
2025-10-09,522.4000244140625,522.4000244140625,524.3300170898438,517.4000244140625,522.3400268554688,18343600
2025-10-10,510.9599914550781,510.9599914550781,523.5800170898438,509.6300048828125,519.6400146484375,24133800
2025-10-13,514.0499877929688,514.0499877929688,516.4099731445312,511.67999267578125,516.4099731445312,14284200
2025-10-14,513.5700073242188,513.5700073242188,515.280029296875,506.0,510.2300109863281,14684300
2025-10-15,513.4299926757812,513.4299926757812,517.1900024414062,510.0,514.9600219726562,14694700
2025-10-16,511.6099853515625,511.6099853515625,516.8499755859375,508.1300048828125,512.5800170898438,15559600
2025-10-17,513.5800170898438,513.5800170898438,515.47998046875,507.30999755859375,509.0400085449219,19867800
2025-10-20,516.7899780273438,516.7899780273438,518.7000122070312,513.4299926757812,514.6099853515625,14665600
2025-10-21,517.6599731445312,517.6599731445312,518.6900024414062,513.0399780273438,517.5,15586200
2025-10-22,520.5399780273438,520.5399780273438,525.22998046875,517.7100219726562,521.1500244140625,18962700
2025-10-23,520.5599975585938,520.5599975585938,523.9500122070312,518.6099853515625,522.4600219726562,14023500
2025-10-24,523.6099853515625,523.6099853515625,525.3499755859375,520.7100219726562,522.7899780273438,15532400
2025-10-27,531.52001953125,531.52001953125,534.5800170898438,529.010009765625,531.780029296875,18734700
2025-10-28,542.0700073242188,542.0700073242188,553.719970703125,540.77001953125,550.0,29986700
2025-10-29,541.5499877929688,541.5499877929688,546.27001953125,536.72998046875,544.9400024414062,36023000
2025-10-30,525.760009765625,525.760009765625,534.969970703125,522.1199951171875,530.47998046875,41023100
2025-10-31,517.8099975585938,517.8099975585938,529.3200073242188,515.0999755859375,528.8800048828125,34006400
2025-11-03,517.030029296875,517.030029296875,524.9600219726562,514.5900268554688,519.8099975585938,22374700
2025-11-04,514.3300170898438,514.3300170898438,515.5499877929688,507.8399963378906,511.760009765625,20958700
2025-11-05,507.1600036621094,507.1600036621094,514.8300170898438,506.5799865722656,513.2999877929688,23024300
2025-11-06,497.1000061035156,497.1000061035156,505.70001220703125,495.80999755859375,505.6600036621094,27406500
2025-11-07,496.82000732421875,496.82000732421875,499.3800048828125,493.25,496.95001220703125,24019800
2025-11-10,506.0,506.0,506.8500061035156,498.79998779296875,500.0400085449219,26101500
2025-11-11,508.67999267578125,508.67999267578125,509.6000061035156,502.3500061035156,504.79998779296875,17980000
2025-11-12,511.1400146484375,511.1400146484375,511.6700134277344,499.1199951171875,509.3599853515625,26574900
2025-11-13,503.2900085449219,503.2900085449219,513.5,501.2900085449219,510.30999755859375,25273100
2025-11-14,510.17999267578125,510.17999267578125,511.6000061035156,497.44000244140625,498.2300109863281,28491700
